Generation,phylogenetic_diversity,mean_pairwise_distance,min_pairwise_distance,max_pairwise_distance,variance_pairwise_distance,mean_evolutionary_distinctiveness,min_evolutionary_distinctiveness,max_evolutionary_distinctiveness,variance_evolutionary_distinctiveness
10,705,5.71763,1,13,8.05541,-1,-1,-1,0
20,1034,11.0349,1,24,37.7347,-1,-1,-1,0
30,1254,15.5818,1,38,99.1278,-1,-1,-1,0
40,1586,19.9432,1,50,189.263,-1,-1,-1,0
50,1897,26.1421,1,58,289.108,-1,-1,-1,0
60,2103,30.751,1,69,486.543,-1,-1,-1,0
70,2288,36.4263,1,81,597.517,-1,-1,-1,0
80,2661,44.1041,1,93,760.366,-1,-1,-1,0
90,2956,49.6054,1,102,900.517,-1,-1,-1,0
100,3329,59.8471,1,115,1277.35,-1,-1,-1,0
110,3720,69.275,1,126,1456.95,-1,-1,-1,0
120,3987,74.3563,1,138,1803.77,-1,-1,-1,0
130,4381,77.8791,1,153,2490.95,-1,-1,-1,0
140,4744,89.9792,1,162,2630.14,-1,-1,-1,0
150,5097,97.5887,1,176,3121.63,-1,-1,-1,0
160,5374,102.337,1,184,4056.55,-1,-1,-1,0
170,5498,107.726,1,193,4561.7,-1,-1,-1,0
180,5618,112.649,1,206,5437.81,-1,-1,-1,0
190,5830,121.586,1,214,6275.27,-1,-1,-1,0
200,5952,126.614,1,225,7329.76,-1,-1,-1,0
210,6335,137.96,1,238,7958.51,-1,-1,-1,0
220,6559,145.611,1,254,8717.04,-1,-1,-1,0
230,6613,141.161,1,266,10432.7,-1,-1,-1,0
240,6986,150.38,1,280,11493.6,-1,-1,-1,0
250,6966,156.129,1,292,13275,-1,-1,-1,0
260,6897,142.885,1,305,15304.9,-1,-1,-1,0
270,6914,156.061,1,316,16395.2,-1,-1,-1,0
280,7068,151.451,1,324,18764.9,-1,-1,-1,0
290,7260,157.557,1,341,20972.3,-1,-1,-1,0
300,7478,166.039,1,354,22125.5,-1,-1,-1,0
310,7544,174.999,1,363,24408.4,-1,-1,-1,0
320,7754,186.848,1,376,25319.1,-1,-1,-1,0
330,8122,188.461,1,393,25973.9,-1,-1,-1,0
340,8362,181.136,1,404,28769.8,-1,-1,-1,0
350,8507,207.114,1,417,30149.7,-1,-1,-1,0
360,8810,194.288,1,428,32609.1,-1,-1,-1,0
370,8730,190.186,1,443,35573.2,-1,-1,-1,0
380,8902,197.582,1,456,37114.2,-1,-1,-1,0
390,9091,209.035,1,469,40329.8,-1,-1,-1,0
400,9104,207.1,1,480,42888,-1,-1,-1,0
410,9285,210.493,1,490,46576.1,-1,-1,-1,0
420,9582,214.641,1,507,46765.9,-1,-1,-1,0
430,9740,228.211,1,521,48566.6,-1,-1,-1,0
440,10086,225.876,1,535,52361.3,-1,-1,-1,0
450,10359,231.189,1,548,54615.1,-1,-1,-1,0
460,10629,251.622,1,561,59600.1,-1,-1,-1,0
470,10218,246.4,1,571,63851.1,-1,-1,-1,0
480,10334,249.307,1,583,65664.7,-1,-1,-1,0
490,10653,242.362,1,596,64917.6,-1,-1,-1,0
500,11043,256.049,1,609,68515.1,-1,-1,-1,0
510,11050,261.869,1,622,70580.7,-1,-1,-1,0
520,10980,250.85,1,634,72127.8,-1,-1,-1,0
530,11373,291.05,1,646,74395.3,-1,-1,-1,0
540,11482,275.397,1,660,77064,-1,-1,-1,0
550,11427,292.74,1,674,89763.9,-1,-1,-1,0
560,11706,291.269,1,691,89936.7,-1,-1,-1,0
570,11981,322.471,1,706,99837.5,-1,-1,-1,0
580,12225,317.631,1,723,100771,-1,-1,-1,0
590,12528,315.057,1,737,102432,-1,-1,-1,0
600,12902,306.769,1,750,105156,-1,-1,-1,0
610,13184,339.628,1,762,106047,-1,-1,-1,0
620,13363,330.694,1,773,111618,-1,-1,-1,0
630,13524,320.347,1,786,114506,-1,-1,-1,0
640,13217,310.691,1,797,120466,-1,-1,-1,0
650,13153,338.262,1,811,122812,-1,-1,-1,0
660,13594,337.812,1,828,124099,-1,-1,-1,0
670,13785,346.244,1,838,131225,-1,-1,-1,0
680,13927,354.975,1,856,133158,-1,-1,-1,0
690,14279,321.842,1,871,127586,-1,-1,-1,0
700,14403,353.968,1,883,143751,-1,-1,-1,0
710,14655,343.926,1,895,140482,-1,-1,-1,0
720,14887,378.371,1,912,155545,-1,-1,-1,0
730,15259,366.075,1,928,145005,-1,-1,-1,0
740,15668,406.45,1,943,158906,-1,-1,-1,0
750,15932,378.221,1,962,152396,-1,-1,-1,0
760,16207,403.098,1,975,168067,-1,-1,-1,0
770,16260,395.213,1,991,167843,-1,-1,-1,0
780,16079,397.14,1,1001,175311,-1,-1,-1,0
790,16300,399.601,1,1017,178597,-1,-1,-1,0
800,16645,435.956,1,1028,198917,-1,-1,-1,0
810,16937,425.263,1,1044,195662,-1,-1,-1,0
820,17257,451.435,1,1057,202894,-1,-1,-1,0
830,17359,435.432,1,1058,215542,-1,-1,-1,0
840,17612,464.698,1,1076,222722,-1,-1,-1,0
850,17878,438.217,1,1091,211101,-1,-1,-1,0
860,17910,472.835,1,1107,233153,-1,-1,-1,0
870,18161,458.338,1,1121,233022,-1,-1,-1,0
880,18403,459.548,1,1138,234629,-1,-1,-1,0
890,18622,482.226,1,1150,246134,-1,-1,-1,0
900,18721,488.105,1,1167,254059,-1,-1,-1,0
910,19136,471.921,1,1183,240124,-1,-1,-1,0
920,19444,516.769,1,1197,267799,-1,-1,-1,0
930,19719,512.838,1,1213,270469,-1,-1,-1,0
940,20092,505.819,1,1227,273894,-1,-1,-1,0
950,20360,496.557,1,1240,267609,-1,-1,-1,0
960,20623,527.251,1,1254,280472,-1,-1,-1,0
970,20762,518.996,1,1268,281574,-1,-1,-1,0
980,20775,507.125,1,1279,294847,-1,-1,-1,0
990,21087,561.295,1,1293,305722,-1,-1,-1,0
1000,21390,617.017,1,1306,331046,-1,-1,-1,0
1010,21492,558.359,1,1321,336501,-1,-1,-1,0
1020,21795,555.277,1,1335,340447,-1,-1,-1,0
1030,21972,532.32,1,1352,345371,-1,-1,-1,0
1040,22233,581.618,1,1365,348696,-1,-1,-1,0
1050,22617,591.502,1,1375,352335,-1,-1,-1,0
1060,22891,562.49,1,1388,367532,-1,-1,-1,0
1070,22515,566.935,1,1405,367857,-1,-1,-1,0
1080,22825,589.155,1,1418,396992,-1,-1,-1,0
1090,22989,601.239,1,1431,408214,-1,-1,-1,0
1100,23467,569.617,1,1448,388805,-1,-1,-1,0
1110,23680,599.308,1,1461,424809,-1,-1,-1,0
1120,23768,593.505,1,1472,407743,-1,-1,-1,0
1130,24180,625.79,1,1486,416214,-1,-1,-1,0
1140,24012,581.961,1,1502,427466,-1,-1,-1,0
1150,23981,650.346,1,1517,467567,-1,-1,-1,0
1160,24220,615.621,1,1534,457003,-1,-1,-1,0
1170,24619,653.406,1,1549,486374,-1,-1,-1,0
1180,24861,613.205,1,1564,476500,-1,-1,-1,0
1190,25294,649.583,1,1581,482334,-1,-1,-1,0
1200,25416,631.198,1,1594,480207,-1,-1,-1,0
1210,25207,624.919,1,1605,500885,-1,-1,-1,0
1220,25621,618.81,1,1619,500089,-1,-1,-1,0
1230,25811,701.438,1,1636,532835,-1,-1,-1,0
1240,25996,729.735,1,1653,548609,-1,-1,-1,0
1250,26139,708.413,1,1665,550825,-1,-1,-1,0
1260,26422,635.337,1,1677,527035,-1,-1,-1,0
1270,26819,672.97,1,1693,564309,-1,-1,-1,0
1280,26264,675.87,1,1704,567691,-1,-1,-1,0
1290,26614,662.059,1,1719,564979,-1,-1,-1,0
1300,26929,699.118,1,1731,584365,-1,-1,-1,0
1310,27240,668.495,1,1744,543907,-1,-1,-1,0
1320,27429,722.317,1,1756,601397,-1,-1,-1,0
1330,27504,644.401,1,1770,564424,-1,-1,-1,0
1340,27926,662.482,1,1785,589364,-1,-1,-1,0
1350,28251,670.887,1,1802,612683,-1,-1,-1,0
1360,28252,691.683,1,1813,636541,-1,-1,-1,0
1370,28422,716.661,1,1826,661229,-1,-1,-1,0
1380,28618,653.395,1,1840,636548,-1,-1,-1,0
1390,28902,749.36,1,1852,669481,-1,-1,-1,0
1400,29155,766.43,1,1869,679313,-1,-1,-1,0
1410,29471,785.54,1,1885,696328,-1,-1,-1,0
1420,29833,746.195,1,1899,685953,-1,-1,-1,0
1430,30005,784.149,1,1912,733177,-1,-1,-1,0
1440,30454,772.639,1,1928,714252,-1,-1,-1,0
1450,30751,784.872,1,1940,727783,-1,-1,-1,0
1460,31124,768.738,1,1956,725802,-1,-1,-1,0
1470,31371,753.721,1,1973,725201,-1,-1,-1,0
1480,31670,804.478,1,1986,751634,-1,-1,-1,0
1490,31679,853.382,1,2001,798109,-1,-1,-1,0
1500,31721,778.832,1,2021,765447,-1,-1,-1,0
1510,31416,822.952,1,2038,798967,-1,-1,-1,0
1520,31831,767.854,1,2054,772422,-1,-1,-1,0
1530,31728,739.44,1,2067,773215,-1,-1,-1,0
1540,31820,872.576,1,2077,878313,-1,-1,-1,0
1550,32202,798.656,1,2091,829499,-1,-1,-1,0
1560,32255,824.874,1,2097,847483,-1,-1,-1,0
1570,32699,792.131,1,2114,827110,-1,-1,-1,0
1580,32096,844.737,1,2128,884517,-1,-1,-1,0
1590,31670,873.374,1,2140,891278,-1,-1,-1,0
1600,31884,877.534,1,2156,888504,-1,-1,-1,0
1610,31731,879.332,1,2171,905405,-1,-1,-1,0
1620,31827,864.905,1,2185,903515,-1,-1,-1,0
1630,32140,929.516,1,2201,953366,-1,-1,-1,0
1640,32311,917.797,1,2217,985513,-1,-1,-1,0
1650,32561,878.305,1,2231,937175,-1,-1,-1,0
1660,32928,903.27,1,2249,984602,-1,-1,-1,0
1670,33169,912.547,1,2265,995779,-1,-1,-1,0
1680,33484,859.585,1,2280,938263,-1,-1,-1,0
1690,33543,873.496,1,2297,966589,-1,-1,-1,0
1700,33730,886.597,1,2315,1.00235e+06,-1,-1,-1,0
1710,33788,935.895,1,2330,1.02655e+06,-1,-1,-1,0
1720,33810,934.004,1,2346,1.05293e+06,-1,-1,-1,0
1730,34107,957.246,1,2360,1.08711e+06,-1,-1,-1,0
1740,33763,943.811,1,2373,1.13057e+06,-1,-1,-1,0
1750,33971,839.754,1,2387,1.01916e+06,-1,-1,-1,0
1760,34053,974.765,1,2405,1.12534e+06,-1,-1,-1,0
1770,34535,1005.1,1,2419,1.15853e+06,-1,-1,-1,0
1780,34698,1010.34,1,2435,1.21023e+06,-1,-1,-1,0
1790,34983,937.753,1,2450,1.17833e+06,-1,-1,-1,0
1800,35302,932.684,1,2463,1.17988e+06,-1,-1,-1,0
1810,35458,980.712,1,2475,1.21833e+06,-1,-1,-1,0
1820,35753,1040.9,1,2489,1.24984e+06,-1,-1,-1,0
1830,36174,1061.76,1,2500,1.29694e+06,-1,-1,-1,0
1840,36557,995.441,1,2514,1.22839e+06,-1,-1,-1,0
1850,36858,984.744,1,2528,1.24711e+06,-1,-1,-1,0
1860,37184,1019.35,1,2545,1.25504e+06,-1,-1,-1,0
1870,37061,1002.86,1,2556,1.27123e+06,-1,-1,-1,0
1880,37055,953.087,1,2571,1.25206e+06,-1,-1,-1,0
1890,37297,992.208,1,2585,1.31404e+06,-1,-1,-1,0
1900,37608,1034.73,1,2602,1.33253e+06,-1,-1,-1,0
1910,37882,1017.36,1,2617,1.33984e+06,-1,-1,-1,0
1920,38071,1093.35,1,2633,1.3824e+06,-1,-1,-1,0
1930,38422,995.966,1,2651,1.30516e+06,-1,-1,-1,0
1940,38758,1073.63,1,2664,1.36462e+06,-1,-1,-1,0
1950,39105,1152.05,1,2675,1.43269e+06,-1,-1,-1,0
1960,39387,1147.63,1,2692,1.41305e+06,-1,-1,-1,0
1970,39432,1047.92,1,2700,1.35637e+06,-1,-1,-1,0
1980,39579,1092.84,1,2715,1.46277e+06,-1,-1,-1,0
1990,40004,1148.33,1,2729,1.52893e+06,-1,-1,-1,0
2000,39979,1123.25,1,2743,1.48497e+06,-1,-1,-1,0
2010,39671,1042.94,1,2758,1.45299e+06,-1,-1,-1,0
2020,40079,1044.04,1,2772,1.44246e+06,-1,-1,-1,0
2030,40096,1196.46,1,2785,1.60652e+06,-1,-1,-1,0
2040,40605,1117.55,1,2800,1.54479e+06,-1,-1,-1,0
2050,40368,1126.52,1,2817,1.5599e+06,-1,-1,-1,0
2060,40752,1127.89,1,2834,1.60092e+06,-1,-1,-1,0
2070,41129,1200.29,1,2850,1.63852e+06,-1,-1,-1,0
2080,41332,1098.31,1,2866,1.59733e+06,-1,-1,-1,0
2090,41687,1103.07,1,2880,1.61857e+06,-1,-1,-1,0
2100,41793,1150.63,1,2895,1.63457e+06,-1,-1,-1,0
2110,42118,1185.86,1,2907,1.67131e+06,-1,-1,-1,0
2120,42188,1222.83,1,2921,1.72584e+06,-1,-1,-1,0
2130,42574,1155.95,1,2936,1.65155e+06,-1,-1,-1,0
2140,42862,1216.37,1,2950,1.71147e+06,-1,-1,-1,0
2150,43229,1307.54,1,2966,1.77603e+06,-1,-1,-1,0
2160,43473,1162.53,1,2983,1.71429e+06,-1,-1,-1,0
2170,43706,1293.25,1,2991,1.80695e+06,-1,-1,-1,0
2180,44019,1193.52,1,3006,1.70708e+06,-1,-1,-1,0
2190,44411,1250.17,1,3022,1.72668e+06,-1,-1,-1,0
2200,44726,1361.6,1,3039,1.82459e+06,-1,-1,-1,0
2210,45087,1220.72,1,3055,1.77413e+06,-1,-1,-1,0
2220,45436,1266.71,1,3070,1.81761e+06,-1,-1,-1,0
2230,44337,1307.97,1,3088,1.84745e+06,-1,-1,-1,0
2240,44531,1332.5,1,3102,1.91248e+06,-1,-1,-1,0
2250,44963,1298.17,1,3118,1.86836e+06,-1,-1,-1,0
2260,45011,1304.93,1,3132,1.87507e+06,-1,-1,-1,0
2270,45296,1255.51,1,3148,1.85088e+06,-1,-1,-1,0
2280,45374,1259.08,1,3167,1.83831e+06,-1,-1,-1,0
2290,45730,1305.56,1,3184,1.90208e+06,-1,-1,-1,0
2300,46072,1279.8,1,3198,1.8746e+06,-1,-1,-1,0
2310,46360,1399.46,1,3214,2.00974e+06,-1,-1,-1,0
2320,46730,1310.54,1,3226,1.95752e+06,-1,-1,-1,0
2330,46988,1444.95,1,3240,2.05037e+06,-1,-1,-1,0
2340,47431,1395.83,1,3253,2.02985e+06,-1,-1,-1,0
2350,47661,1470.29,1,3266,2.06328e+06,-1,-1,-1,0
2360,47832,1375.78,1,3281,2.05882e+06,-1,-1,-1,0
2370,48180,1378.18,1,3296,1.99027e+06,-1,-1,-1,0
2380,48603,1406.64,1,3312,2.06124e+06,-1,-1,-1,0
2390,48883,1398.1,1,3328,2.0222e+06,-1,-1,-1,0
2400,48900,1443.49,1,3339,2.10301e+06,-1,-1,-1,0
2410,49272,1362.73,1,3351,2.05091e+06,-1,-1,-1,0
2420,49471,1451.13,1,3362,2.09885e+06,-1,-1,-1,0
2430,49470,1490.48,1,3376,2.17905e+06,-1,-1,-1,0
2440,49620,1398.35,1,3391,2.12992e+06,-1,-1,-1,0
2450,49590,1376.34,1,3404,2.13791e+06,-1,-1,-1,0
2460,49639,1484.74,1,3419,2.29457e+06,-1,-1,-1,0
2470,49979,1498.49,1,3435,2.23189e+06,-1,-1,-1,0
2480,50336,1365.85,1,3448,2.21594e+06,-1,-1,-1,0
2490,50536,1384.89,1,3461,2.2332e+06,-1,-1,-1,0
2500,50773,1514.39,1,3477,2.2588e+06,-1,-1,-1,0
2510,51154,1494.2,1,3489,2.32038e+06,-1,-1,-1,0
2520,51510,1578.26,1,3505,2.36259e+06,-1,-1,-1,0
2530,51842,1550.33,1,3521,2.31588e+06,-1,-1,-1,0
2540,52059,1539.88,1,3535,2.35197e+06,-1,-1,-1,0
2550,52088,1521.04,1,3549,2.38106e+06,-1,-1,-1,0
2560,52524,1428.02,1,3561,2.30256e+06,-1,-1,-1,0
2570,52897,1599.96,1,3575,2.34543e+06,-1,-1,-1,0
2580,53122,1628.32,1,3589,2.52326e+06,-1,-1,-1,0
2590,53307,1500.16,1,3606,2.46055e+06,-1,-1,-1,0
2600,53684,1626.26,1,3624,2.46946e+06,-1,-1,-1,0
2610,53873,1627.4,1,3638,2.47557e+06,-1,-1,-1,0
2620,53997,1614.48,1,3653,2.51956e+06,-1,-1,-1,0
2630,54120,1575.55,1,3661,2.4844e+06,-1,-1,-1,0
2640,54345,1546.86,1,3678,2.51852e+06,-1,-1,-1,0
2650,54789,1611.27,1,3696,2.53196e+06,-1,-1,-1,0
2660,55137,1654.18,1,3710,2.58801e+06,-1,-1,-1,0
2670,54902,1653.33,1,3725,2.62581e+06,-1,-1,-1,0
2680,55235,1701.5,1,3742,2.73431e+06,-1,-1,-1,0
2690,55426,1580.81,1,3756,2.71024e+06,-1,-1,-1,0
2700,55585,1625.76,1,3771,2.64983e+06,-1,-1,-1,0
2710,55895,1640.08,1,3788,2.658e+06,-1,-1,-1,0
2720,56088,1630.08,1,3802,2.6759e+06,-1,-1,-1,0
2730,56424,1653.9,1,3814,2.68564e+06,-1,-1,-1,0
2740,56654,1629.25,1,3827,2.7862e+06,-1,-1,-1,0
2750,56815,1690.03,1,3840,2.83025e+06,-1,-1,-1,0
2760,56472,1690.27,1,3855,2.90753e+06,-1,-1,-1,0
2770,56824,1748.37,1,3867,2.8273e+06,-1,-1,-1,0
2780,57246,1561.97,1,3881,2.77207e+06,-1,-1,-1,0
2790,57360,1610.49,1,3894,2.82245e+06,-1,-1,-1,0
2800,57690,1639.74,1,3908,2.8963e+06,-1,-1,-1,0
2810,58031,1605.29,1,3923,3.0046e+06,-1,-1,-1,0
2820,58507,1720.22,1,3939,2.96738e+06,-1,-1,-1,0
2830,58766,1805.2,1,3951,3.06355e+06,-1,-1,-1,0
2840,58977,1831.66,1,3967,2.98751e+06,-1,-1,-1,0
2850,59323,1684.51,1,3983,3.03514e+06,-1,-1,-1,0
2860,59710,1773.89,1,3999,3.04547e+06,-1,-1,-1,0
2870,59927,1710.44,1,4011,2.99812e+06,-1,-1,-1,0
2880,58341,1604.08,1,4022,3.08407e+06,-1,-1,-1,0
2890,58715,1726.84,1,4035,3.03784e+06,-1,-1,-1,0
2900,58980,1853.1,1,4049,3.12012e+06,-1,-1,-1,0
2910,59332,1837.62,1,4062,3.13041e+06,-1,-1,-1,0
2920,59605,1813.36,1,4075,3.17859e+06,-1,-1,-1,0
2930,60143,1769.42,1,4092,3.1735e+06,-1,-1,-1,0
2940,60412,1728.67,1,4103,3.14896e+06,-1,-1,-1,0
2950,60659,1824.76,1,4117,3.20466e+06,-1,-1,-1,0
2960,60955,1760.9,1,4133,3.2079e+06,-1,-1,-1,0
2970,61009,1813.01,1,4148,3.37552e+06,-1,-1,-1,0
2980,61445,1914.63,1,4158,3.31412e+06,-1,-1,-1,0
2990,61671,1810.1,1,4173,3.16841e+06,-1,-1,-1,0
3000,62121,2002.64,1,4191,3.37578e+06,-1,-1,-1,0
3010,62331,1798.35,1,4206,3.32474e+06,-1,-1,-1,0
3020,62604,1849.05,1,4223,3.38753e+06,-1,-1,-1,0
3030,62311,1915.21,1,4235,3.31266e+06,-1,-1,-1,0
3040,62615,2011.48,1,4253,3.48409e+06,-1,-1,-1,0
3050,62949,1925.04,1,4268,3.51296e+06,-1,-1,-1,0
3060,63340,1894.76,1,4284,3.53796e+06,-1,-1,-1,0
3070,63564,1885.1,1,4297,3.38391e+06,-1,-1,-1,0
3080,64053,1902.71,1,4309,3.44942e+06,-1,-1,-1,0
3090,64248,1933.66,1,4323,3.53357e+06,-1,-1,-1,0
3100,64607,2020.68,1,4341,3.65685e+06,-1,-1,-1,0
3110,65124,1954.78,1,4354,3.50547e+06,-1,-1,-1,0
3120,65246,1938.76,1,4368,3.64771e+06,-1,-1,-1,0
3130,65446,2005.96,1,4384,3.59844e+06,-1,-1,-1,0
3140,65723,1940.26,1,4404,3.70727e+06,-1,-1,-1,0
3150,65980,1965.71,1,4418,3.68853e+06,-1,-1,-1,0
3160,66336,2037.83,1,4433,3.67875e+06,-1,-1,-1,0
3170,66614,2021.52,1,4451,3.60794e+06,-1,-1,-1,0
3180,66980,1995,1,4459,3.71155e+06,-1,-1,-1,0
3190,67028,1950.83,1,4475,3.59071e+06,-1,-1,-1,0
3200,67354,1952.7,1,4487,3.76874e+06,-1,-1,-1,0
3210,66880,2032.23,1,4504,3.83051e+06,-1,-1,-1,0
3220,67176,1867.83,1,4517,3.75127e+06,-1,-1,-1,0
3230,67653,2139.07,1,4533,4.10435e+06,-1,-1,-1,0
3240,67889,2049.3,1,4549,3.92758e+06,-1,-1,-1,0
3250,68317,1981.25,1,4564,3.83532e+06,-1,-1,-1,0
3260,68547,1994.78,1,4580,3.85016e+06,-1,-1,-1,0
3270,68847,2046.95,1,4596,3.95858e+06,-1,-1,-1,0
3280,69202,2147.16,1,4614,4.01802e+06,-1,-1,-1,0
3290,69573,2109.17,1,4629,3.96817e+06,-1,-1,-1,0
3300,69759,2060.85,1,4642,3.93111e+06,-1,-1,-1,0
3310,69796,2100.34,1,4653,4.09159e+06,-1,-1,-1,0
3320,69812,2121.9,1,4670,4.11277e+06,-1,-1,-1,0
3330,70114,2043.4,1,4687,4.13225e+06,-1,-1,-1,0
3340,70339,2103.03,1,4697,4.11905e+06,-1,-1,-1,0
3350,70665,2173.95,1,4715,4.20962e+06,-1,-1,-1,0
3360,70775,2128.37,1,4731,4.13347e+06,-1,-1,-1,0
3370,71094,2201.87,1,4746,4.35482e+06,-1,-1,-1,0
3380,71498,2119.97,1,4757,4.26979e+06,-1,-1,-1,0
3390,70603,2179.86,1,4770,4.35631e+06,-1,-1,-1,0
3400,70904,2208.51,1,4786,4.39389e+06,-1,-1,-1,0
3410,71206,2270.91,1,4802,4.49283e+06,-1,-1,-1,0
3420,71660,2202.88,1,4816,4.47628e+06,-1,-1,-1,0
3430,71995,2244.07,1,4833,4.56128e+06,-1,-1,-1,0
3440,72097,2316.74,1,4850,4.65984e+06,-1,-1,-1,0
3450,70423,2259.67,1,4864,4.70068e+06,-1,-1,-1,0
3460,69609,2161.24,1,4868,4.79569e+06,-1,-1,-1,0
3470,69860,2112.5,1,4886,4.63319e+06,-1,-1,-1,0
3480,69468,2130.3,1,4902,4.79295e+06,-1,-1,-1,0
3490,68724,2059.07,1,4912,4.72158e+06,-1,-1,-1,0
3500,69011,2158.58,1,4930,4.79432e+06,-1,-1,-1,0
3510,69067,2030.54,1,4940,4.7365e+06,-1,-1,-1,0
3520,69428,2128.15,1,4956,4.8103e+06,-1,-1,-1,0
3530,69816,2110,1,4972,4.95301e+06,-1,-1,-1,0
3540,70113,2031.03,1,4985,4.83399e+06,-1,-1,-1,0
3550,70319,2235.47,1,4994,5.03218e+06,-1,-1,-1,0
3560,70564,2265.09,1,5008,5.04123e+06,-1,-1,-1,0
3570,70841,2209.51,1,5022,5.17914e+06,-1,-1,-1,0
3580,71177,2174.97,1,5035,4.99364e+06,-1,-1,-1,0
3590,71600,2229.86,1,5053,5.25742e+06,-1,-1,-1,0
3600,71641,2344.43,1,5065,5.13309e+06,-1,-1,-1,0
3610,71991,2128.82,1,5077,5.00504e+06,-1,-1,-1,0
3620,72422,2167.31,1,5095,5.13481e+06,-1,-1,-1,0
3630,72756,2293.98,1,5107,5.2393e+06,-1,-1,-1,0
3640,73172,2346.42,1,5121,5.29884e+06,-1,-1,-1,0
3650,73483,2373.49,1,5134,5.35329e+06,-1,-1,-1,0
3660,73807,2230.33,1,5145,5.32845e+06,-1,-1,-1,0
3670,72331,2031.75,1,5162,5.12534e+06,-1,-1,-1,0
3680,72701,2107.59,1,5178,5.23511e+06,-1,-1,-1,0
3690,72992,2132.42,1,5192,5.37995e+06,-1,-1,-1,0
3700,73071,2228.99,1,5210,5.43804e+06,-1,-1,-1,0
3710,72501,2312.03,1,5225,5.60375e+06,-1,-1,-1,0
3720,72769,2391.71,1,5242,5.59231e+06,-1,-1,-1,0
3730,72968,2371.47,1,5257,5.56736e+06,-1,-1,-1,0
3740,73375,2262.29,1,5266,5.52934e+06,-1,-1,-1,0
3750,73386,2217.75,1,5282,5.27305e+06,-1,-1,-1,0
3760,73795,2280.32,1,5296,5.75626e+06,-1,-1,-1,0
3770,74134,2420.19,1,5313,5.69938e+06,-1,-1,-1,0
3780,74550,2050.44,1,5327,5.46157e+06,-1,-1,-1,0
3790,73847,2202.15,1,5332,5.76692e+06,-1,-1,-1,0
3800,74188,2221.28,1,5348,5.717e+06,-1,-1,-1,0
3810,74157,2396.48,1,5362,5.90309e+06,-1,-1,-1,0
3820,74470,2360.89,1,5376,5.85748e+06,-1,-1,-1,0
3830,74812,2298.17,1,5391,5.87273e+06,-1,-1,-1,0
3840,75051,2550.06,1,5407,5.90714e+06,-1,-1,-1,0
3850,75313,2363.02,1,5424,5.9929e+06,-1,-1,-1,0
3860,75677,2254.33,1,5435,5.86711e+06,-1,-1,-1,0
3870,75738,2360.08,1,5450,6.03812e+06,-1,-1,-1,0
3880,76156,2408.01,1,5466,6.19085e+06,-1,-1,-1,0
3890,76263,2451.73,1,5479,6.27366e+06,-1,-1,-1,0
3900,76643,2288.69,1,5493,6.07865e+06,-1,-1,-1,0
3910,76872,2376.3,1,5508,6.02706e+06,-1,-1,-1,0
3920,77020,2373.2,1,5522,6.07371e+06,-1,-1,-1,0
3930,77220,2267.73,1,5535,6.07882e+06,-1,-1,-1,0
3940,77455,2419.31,1,5549,6.23907e+06,-1,-1,-1,0
3950,77917,2270.39,1,5565,6.11829e+06,-1,-1,-1,0
3960,78364,2320.08,1,5580,6.15404e+06,-1,-1,-1,0
3970,78482,2454.65,1,5590,6.30161e+06,-1,-1,-1,0
3980,78713,2340.09,1,5605,6.40224e+06,-1,-1,-1,0
3990,77981,2401.91,1,5622,6.41751e+06,-1,-1,-1,0
4000,78187,2290.24,1,5636,6.32783e+06,-1,-1,-1,0
4010,78517,2389.5,1,5650,6.40539e+06,-1,-1,-1,0
4020,78802,2461.64,1,5666,6.49121e+06,-1,-1,-1,0
4030,79111,2545.23,1,5682,6.4557e+06,-1,-1,-1,0
4040,78793,2397.38,1,5697,6.4757e+06,-1,-1,-1,0
4050,78961,2411.67,1,5711,6.88435e+06,-1,-1,-1,0
4060,79330,2494.56,1,5724,6.64554e+06,-1,-1,-1,0
4070,79501,2619.53,1,5736,6.59518e+06,-1,-1,-1,0
4080,79915,2379.03,1,5750,6.52971e+06,-1,-1,-1,0
4090,80287,2457.05,1,5765,6.72747e+06,-1,-1,-1,0
4100,80594,2221.1,1,5777,6.66208e+06,-1,-1,-1,0
4110,80877,2426.4,1,5789,6.77531e+06,-1,-1,-1,0
4120,81237,2726.78,1,5801,6.83895e+06,-1,-1,-1,0
4130,81650,2460.05,1,5814,6.95359e+06,-1,-1,-1,0
4140,80151,2536.46,1,5827,7.03966e+06,-1,-1,-1,0
4150,79755,2432.62,1,5835,6.97123e+06,-1,-1,-1,0
4160,79991,2468.8,1,5851,6.95515e+06,-1,-1,-1,0
4170,80347,2332.12,1,5868,6.90692e+06,-1,-1,-1,0
4180,80494,2269.1,1,5883,6.82869e+06,-1,-1,-1,0
4190,80580,2541.19,1,5894,7.18118e+06,-1,-1,-1,0
4200,80887,2418.79,1,5909,7.15561e+06,-1,-1,-1,0
4210,81141,2558.94,1,5924,7.1718e+06,-1,-1,-1,0
4220,81417,2621.77,1,5939,7.12942e+06,-1,-1,-1,0
4230,81190,2600.43,1,5955,7.26384e+06,-1,-1,-1,0
4240,81660,2507.66,1,5969,7.31082e+06,-1,-1,-1,0
4250,81928,2575.92,1,5984,7.28314e+06,-1,-1,-1,0
4260,82266,2535.95,1,5998,7.41024e+06,-1,-1,-1,0
4270,82624,2663.05,1,6012,7.53975e+06,-1,-1,-1,0
4280,82829,2560.29,1,6024,7.34823e+06,-1,-1,-1,0
4290,83039,2688.76,1,6039,7.52051e+06,-1,-1,-1,0
4300,83237,2590.09,1,6049,7.63579e+06,-1,-1,-1,0
4310,83494,2477.23,1,6066,7.39664e+06,-1,-1,-1,0
4320,83919,2751.21,1,6083,7.59195e+06,-1,-1,-1,0
4330,84381,2491.8,1,6100,7.51925e+06,-1,-1,-1,0
4340,84503,2567.22,1,6114,7.59059e+06,-1,-1,-1,0
4350,84684,2795.64,1,6125,7.8202e+06,-1,-1,-1,0
4360,84906,2677.6,1,6141,7.609e+06,-1,-1,-1,0
4370,83827,2453.02,1,6157,7.70332e+06,-1,-1,-1,0
4380,84058,2636.37,1,6170,7.87177e+06,-1,-1,-1,0
4390,84501,2560.76,1,6183,7.94372e+06,-1,-1,-1,0
4400,84622,2820.78,1,6199,8.09227e+06,-1,-1,-1,0
4410,84948,2542.53,1,6214,7.86153e+06,-1,-1,-1,0
4420,85178,2569.34,1,6229,7.91019e+06,-1,-1,-1,0
4430,82064,2520.95,1,6241,7.99578e+06,-1,-1,-1,0
4440,82222,2635.08,1,6256,7.78926e+06,-1,-1,-1,0
4450,82553,2659.76,1,6271,8.16e+06,-1,-1,-1,0
4460,82869,2325.17,1,6287,7.483e+06,-1,-1,-1,0
4470,83198,2284.09,1,6302,7.69185e+06,-1,-1,-1,0
4480,83401,2725.35,1,6320,8.17648e+06,-1,-1,-1,0
4490,83564,2459.67,1,6333,7.92648e+06,-1,-1,-1,0
4500,83716,2621.93,1,6347,8.10287e+06,-1,-1,-1,0
4510,84112,2389.1,1,6362,8.0904e+06,-1,-1,-1,0
4520,84395,2390.11,1,6376,7.95983e+06,-1,-1,-1,0
4530,84808,2614.73,1,6390,8.43894e+06,-1,-1,-1,0
4540,84866,2615.04,1,6405,8.29618e+06,-1,-1,-1,0
4550,85387,2574.87,1,6418,8.30804e+06,-1,-1,-1,0
4560,85669,2546.01,1,6431,8.2765e+06,-1,-1,-1,0
4570,86025,2574.61,1,6448,8.27217e+06,-1,-1,-1,0
4580,83348,2512.2,1,6462,8.24489e+06,-1,-1,-1,0
4590,83774,2602.17,1,6477,8.70874e+06,-1,-1,-1,0
4600,84233,2602.21,1,6489,8.48371e+06,-1,-1,-1,0
4610,84514,2327.65,1,6506,8.23079e+06,-1,-1,-1,0
4620,84516,2758.18,1,6521,8.68506e+06,-1,-1,-1,0
4630,84489,2483.5,1,6535,8.56621e+06,-1,-1,-1,0
4640,84767,2760.62,1,6549,8.706e+06,-1,-1,-1,0
4650,85011,2430.62,1,6560,8.05952e+06,-1,-1,-1,0
4660,85331,2474.02,1,6576,8.54932e+06,-1,-1,-1,0
4670,85515,2733.48,1,6591,8.98085e+06,-1,-1,-1,0
4680,85931,2581,1,6609,8.68865e+06,-1,-1,-1,0
4690,86100,2378.69,1,6621,8.44321e+06,-1,-1,-1,0
4700,86446,2622.15,1,6637,8.54805e+06,-1,-1,-1,0
4710,86139,2499.57,1,6653,8.58174e+06,-1,-1,-1,0
4720,86447,2899.74,1,6669,9.18918e+06,-1,-1,-1,0
4730,86938,2500.03,1,6683,8.7345e+06,-1,-1,-1,0
4740,87157,2435.4,1,6698,8.78934e+06,-1,-1,-1,0
4750,87526,2392.52,1,6713,8.43113e+06,-1,-1,-1,0
4760,87844,2720.67,1,6724,8.99353e+06,-1,-1,-1,0
4770,87331,2690.81,1,6739,9.18379e+06,-1,-1,-1,0
4780,87592,2565.94,1,6754,8.95715e+06,-1,-1,-1,0
4790,87360,2586.47,1,6768,9.16028e+06,-1,-1,-1,0
4800,87568,2686.35,1,6782,8.99699e+06,-1,-1,-1,0
4810,88117,2365.76,1,6794,8.99098e+06,-1,-1,-1,0
4820,88443,2705.63,1,6811,9.13849e+06,-1,-1,-1,0
4830,85866,2438.69,1,6825,9.15336e+06,-1,-1,-1,0
4840,83184,2583.4,1,6838,9.52682e+06,-1,-1,-1,0
4850,83255,2531.35,1,6854,9.69686e+06,-1,-1,-1,0
4860,83695,2395.3,1,6866,9.35714e+06,-1,-1,-1,0
4870,84026,2196.5,1,6882,8.92076e+06,-1,-1,-1,0
4880,83909,2494.55,1,6901,9.36867e+06,-1,-1,-1,0
4890,84283,2530.66,1,6916,9.65075e+06,-1,-1,-1,0
4900,84745,2668.82,1,6930,9.75438e+06,-1,-1,-1,0
4910,84984,2450.3,1,6948,9.43119e+06,-1,-1,-1,0
4920,85219,2547.41,1,6960,9.52965e+06,-1,-1,-1,0
4930,85291,2385.26,1,6975,9.58607e+06,-1,-1,-1,0
4940,85636,2479.94,1,6990,9.61564e+06,-1,-1,-1,0
4950,86073,2451.91,1,7002,9.56937e+06,-1,-1,-1,0
4960,86391,2641.33,1,7014,1.01364e+07,-1,-1,-1,0
4970,86759,2682.94,1,7027,1.00827e+07,-1,-1,-1,0
4980,86829,2546.9,1,7041,9.83877e+06,-1,-1,-1,0
4990,87089,2853.14,1,7055,1.04132e+07,-1,-1,-1,0
5000,87465,2549.35,1,7068,9.9602e+06,-1,-1,-1,0
5010,87614,2508.56,1,7083,9.91468e+06,-1,-1,-1,0
5020,87787,2613.87,1,7101,1.02843e+07,-1,-1,-1,0
5030,88141,2717.46,1,7116,1.00024e+07,-1,-1,-1,0
5040,88211,2755.73,1,7131,1.05014e+07,-1,-1,-1,0
5050,88703,2722.36,1,7145,1.02093e+07,-1,-1,-1,0
5060,88933,2560.89,1,7160,1.00456e+07,-1,-1,-1,0
5070,88962,2919.08,1,7174,1.05905e+07,-1,-1,-1,0
5080,89252,2555.69,1,7191,1.01417e+07,-1,-1,-1,0
5090,88525,2899.26,1,7205,1.07591e+07,-1,-1,-1,0
5100,87955,2681.06,1,7219,1.05481e+07,-1,-1,-1,0
5110,88131,2637,1,7232,1.04603e+07,-1,-1,-1,0
5120,88256,2660.3,1,7248,1.0493e+07,-1,-1,-1,0
5130,88538,2774.76,1,7262,1.09333e+07,-1,-1,-1,0
5140,88818,2281.81,1,7280,9.62837e+06,-1,-1,-1,0
5150,88835,2670.14,1,7293,1.06462e+07,-1,-1,-1,0
5160,89136,2664.65,1,7307,1.04862e+07,-1,-1,-1,0
5170,89533,2759.79,1,7324,1.08494e+07,-1,-1,-1,0
5180,89870,2756.34,1,7332,1.09335e+07,-1,-1,-1,0
5190,89996,2628.77,1,7347,1.05156e+07,-1,-1,-1,0
5200,90256,2757.63,1,7363,1.09859e+07,-1,-1,-1,0
5210,90672,2649.68,1,7374,1.07242e+07,-1,-1,-1,0
5220,90985,2876.13,1,7390,1.11863e+07,-1,-1,-1,0
5230,91220,2285.95,1,7406,1.00264e+07,-1,-1,-1,0
5240,91370,2729.19,1,7418,1.09851e+07,-1,-1,-1,0
5250,91412,2472.81,1,7430,9.98789e+06,-1,-1,-1,0
5260,91609,2743.76,1,7448,1.09785e+07,-1,-1,-1,0
5270,91899,2733.38,1,7463,1.09411e+07,-1,-1,-1,0
5280,92307,2685.85,1,7477,1.08179e+07,-1,-1,-1,0
5290,92492,2740.93,1,7482,1.10091e+07,-1,-1,-1,0
5300,92554,2955.61,1,7497,1.14836e+07,-1,-1,-1,0
5310,92928,2969.92,1,7513,1.16053e+07,-1,-1,-1,0
5320,93202,2750.13,1,7526,1.11562e+07,-1,-1,-1,0
5330,93480,3033.9,1,7541,1.18578e+07,-1,-1,-1,0
5340,93606,2426.56,1,7553,1.016e+07,-1,-1,-1,0
5350,93986,2701.46,1,7565,1.11418e+07,-1,-1,-1,0
5360,94085,2683.82,1,7581,1.08628e+07,-1,-1,-1,0
5370,94460,2598.72,1,7595,1.09644e+07,-1,-1,-1,0
5380,94686,2855.45,1,7610,1.16145e+07,-1,-1,-1,0
5390,95052,2846.58,1,7625,1.13119e+07,-1,-1,-1,0
5400,95441,2887.57,1,7640,1.14201e+07,-1,-1,-1,0
5410,95808,2674.85,1,7656,1.11256e+07,-1,-1,-1,0
5420,95438,2630.98,1,7667,1.11789e+07,-1,-1,-1,0
5430,95584,2863.71,1,7679,1.17676e+07,-1,-1,-1,0
5440,95984,2652.1,1,7692,1.08683e+07,-1,-1,-1,0
5450,96178,2815.03,1,7709,1.16431e+07,-1,-1,-1,0
5460,96637,2492.16,1,7724,1.07969e+07,-1,-1,-1,0
5470,97096,2893.93,1,7740,1.17014e+07,-1,-1,-1,0
5480,97540,2952.01,1,7757,1.17747e+07,-1,-1,-1,0
5490,97826,2806.68,1,7774,1.14919e+07,-1,-1,-1,0
5500,98025,2916.07,1,7788,1.14676e+07,-1,-1,-1,0
5510,98225,3131.93,1,7804,1.24014e+07,-1,-1,-1,0
5520,98567,2639.24,1,7820,1.12819e+07,-1,-1,-1,0
5530,98425,2882.72,1,7832,1.1582e+07,-1,-1,-1,0
5540,98297,2854.45,1,7838,1.18572e+07,-1,-1,-1,0
5550,98474,2984.68,1,7851,1.21006e+07,-1,-1,-1,0
5560,98903,2670.64,1,7866,1.16383e+07,-1,-1,-1,0
5570,99336,3112.47,1,7878,1.24332e+07,-1,-1,-1,0
5580,99551,2984.13,1,7893,1.20978e+07,-1,-1,-1,0
5590,99730,2603.39,1,7907,1.13455e+07,-1,-1,-1,0
5600,100120,3041.3,1,7923,1.23319e+07,-1,-1,-1,0
5610,100160,3367.44,1,7936,1.29772e+07,-1,-1,-1,0
5620,100479,3020.55,1,7951,1.24725e+07,-1,-1,-1,0
5630,100803,2853.43,1,7965,1.1965e+07,-1,-1,-1,0
5640,100163,2887.01,1,7978,1.20764e+07,-1,-1,-1,0
5650,100542,2908.16,1,7991,1.25872e+07,-1,-1,-1,0
5660,100765,2962.43,1,8007,1.215e+07,-1,-1,-1,0
5670,100903,3265.31,1,8023,1.26912e+07,-1,-1,-1,0
5680,101241,3109.67,1,8040,1.27013e+07,-1,-1,-1,0
5690,101698,3029.47,1,8055,1.2645e+07,-1,-1,-1,0
5700,101772,3264,1,8068,1.29711e+07,-1,-1,-1,0
5710,100876,2795.12,1,8082,1.22207e+07,-1,-1,-1,0
5720,101301,3267.33,1,8100,1.3323e+07,-1,-1,-1,0
5730,101259,2933.7,1,8112,1.2781e+07,-1,-1,-1,0
5740,101721,2745.92,1,8124,1.21291e+07,-1,-1,-1,0
5750,102201,3086.26,1,8137,1.30807e+07,-1,-1,-1,0
5760,102178,3054.65,1,8148,1.29991e+07,-1,-1,-1,0
5770,101483,2834.89,1,8164,1.26509e+07,-1,-1,-1,0
5780,101735,2908.76,1,8179,1.25271e+07,-1,-1,-1,0
5790,102100,3275.49,1,8191,1.37268e+07,-1,-1,-1,0
5800,102304,2959.47,1,8198,1.29711e+07,-1,-1,-1,0
5810,102621,2660.75,1,8209,1.20953e+07,-1,-1,-1,0
5820,102910,2953.59,1,8219,1.26919e+07,-1,-1,-1,0
5830,103069,2960.86,1,8233,1.29651e+07,-1,-1,-1,0
5840,103546,2954.09,1,8248,1.30725e+07,-1,-1,-1,0
5850,103747,3277.13,1,8261,1.34949e+07,-1,-1,-1,0
5860,104081,3049.92,1,8275,1.33636e+07,-1,-1,-1,0
5870,104484,2989.76,1,8291,1.30842e+07,-1,-1,-1,0
5880,104757,2781.08,1,8308,1.28476e+07,-1,-1,-1,0
5890,104603,2694.64,1,8323,1.21191e+07,-1,-1,-1,0
5900,104549,2748.88,1,8336,1.25129e+07,-1,-1,-1,0
5910,104374,2779.95,1,8351,1.23694e+07,-1,-1,-1,0
5920,104643,3265.26,1,8368,1.35969e+07,-1,-1,-1,0
5930,104881,3351.95,1,8383,1.41109e+07,-1,-1,-1,0
5940,105217,3222.25,1,8399,1.39034e+07,-1,-1,-1,0
5950,105442,3133.95,1,8413,1.33673e+07,-1,-1,-1,0
5960,105886,3029.76,1,8425,1.33879e+07,-1,-1,-1,0
5970,106195,3029.18,1,8441,1.35259e+07,-1,-1,-1,0
5980,106460,2787.14,1,8454,1.25242e+07,-1,-1,-1,0
5990,106790,3178.3,1,8472,1.3688e+07,-1,-1,-1,0
6000,107112,3184.25,1,8486,1.37112e+07,-1,-1,-1,0
6010,107285,2885.24,1,8497,1.3237e+07,-1,-1,-1,0
6020,107635,3223.96,1,8510,1.3414e+07,-1,-1,-1,0
6030,106341,2850.58,1,8525,1.36383e+07,-1,-1,-1,0
6040,106438,2968.3,1,8540,1.38755e+07,-1,-1,-1,0
6050,106701,3120.01,1,8547,1.36721e+07,-1,-1,-1,0
6060,102975,2336.45,1,8560,1.21067e+07,-1,-1,-1,0
6070,103408,2258.16,1,8575,1.19406e+07,-1,-1,-1,0
6080,103631,2490.14,1,8591,1.19183e+07,-1,-1,-1,0
6090,103601,2356.24,1,8606,1.19273e+07,-1,-1,-1,0
6100,102154,2193.82,1,8619,1.16019e+07,-1,-1,-1,0
6110,102295,2065.64,1,8634,1.10202e+07,-1,-1,-1,0
6120,102526,2513.46,1,8651,1.26075e+07,-1,-1,-1,0
6130,102985,2233.31,1,8668,1.17297e+07,-1,-1,-1,0
6140,103294,2564.11,1,8680,1.28918e+07,-1,-1,-1,0
6150,103712,2306.07,1,8692,1.2003e+07,-1,-1,-1,0
6160,103831,1651.41,1,8707,8.93855e+06,-1,-1,-1,0
6170,104061,2017.53,1,8723,1.06449e+07,-1,-1,-1,0
6180,104257,1987.55,1,8739,1.09345e+07,-1,-1,-1,0
6190,104568,2607.57,1,8751,1.33139e+07,-1,-1,-1,0
6200,104845,1855.88,1,8767,1.04537e+07,-1,-1,-1,0
6210,105231,1863.33,1,8782,1.01352e+07,-1,-1,-1,0
6220,105362,2133.93,1,8795,1.1407e+07,-1,-1,-1,0
6230,105458,2311.26,1,8807,1.19855e+07,-1,-1,-1,0
6240,105714,2027.37,1,8819,1.11048e+07,-1,-1,-1,0
6250,106071,2100.6,1,8833,1.17082e+07,-1,-1,-1,0
6260,105956,2460.08,1,8850,1.30996e+07,-1,-1,-1,0
6270,106130,2715.34,1,8866,1.35602e+07,-1,-1,-1,0
6280,106378,2405.71,1,8881,1.24929e+07,-1,-1,-1,0
6290,106748,2321.27,1,8891,1.23805e+07,-1,-1,-1,0
6300,106940,2220.13,1,8906,1.22045e+07,-1,-1,-1,0
6310,106504,1998.03,1,8920,1.13714e+07,-1,-1,-1,0
6320,106882,1933,1,8934,1.08804e+07,-1,-1,-1,0
6330,107237,2128.34,1,8951,1.13155e+07,-1,-1,-1,0
6340,107653,1861.13,1,8965,1.05396e+07,-1,-1,-1,0
6350,106610,2308.29,1,8982,1.27492e+07,-1,-1,-1,0
6360,106648,2053.92,1,8994,1.16775e+07,-1,-1,-1,0
6370,102431,2226.01,1,8920,1.23539e+07,-1,-1,-1,0
6380,102499,1913.85,1,8931,1.08143e+07,-1,-1,-1,0
6390,102861,1477.24,1,8946,8.78589e+06,-1,-1,-1,0
6400,103109,2006.81,1,8958,1.16484e+07,-1,-1,-1,0
6410,103480,2391.9,1,8970,1.30192e+07,-1,-1,-1,0
6420,103511,1933.26,1,8985,1.12184e+07,-1,-1,-1,0
6430,103670,2519.65,1,8999,1.35508e+07,-1,-1,-1,0
6440,104073,2492.96,1,9018,1.36608e+07,-1,-1,-1,0
6450,104389,2362.56,1,9032,1.24403e+07,-1,-1,-1,0
6460,104912,1965.07,1,9049,1.08896e+07,-1,-1,-1,0
6470,105201,1797.25,1,9064,1.00639e+07,-1,-1,-1,0
6480,105534,2217.82,1,9080,1.23667e+07,-1,-1,-1,0
6490,105725,2390.21,1,9098,1.27598e+07,-1,-1,-1,0
6500,105612,2173.03,1,9115,1.22286e+07,-1,-1,-1,0
6510,105858,2558.07,1,9130,1.33777e+07,-1,-1,-1,0
6520,106193,2285.04,1,9145,1.29779e+07,-1,-1,-1,0
6530,105794,2199.34,1,9161,1.26022e+07,-1,-1,-1,0
6540,106083,2912.16,1,9175,1.53517e+07,-1,-1,-1,0
6550,106157,2518.83,1,9188,1.39954e+07,-1,-1,-1,0
6560,106245,2231.78,1,9201,1.24402e+07,-1,-1,-1,0
6570,106624,2448.47,1,9212,1.3471e+07,-1,-1,-1,0
6580,106864,2406.94,1,9224,1.3515e+07,-1,-1,-1,0
6590,107062,2014.26,1,9238,1.16534e+07,-1,-1,-1,0
6600,107401,2039.22,1,9254,1.16119e+07,-1,-1,-1,0
6610,102959,2140.79,1,9267,1.20924e+07,-1,-1,-1,0
6620,103298,1773.1,1,9280,1.07711e+07,-1,-1,-1,0
6630,103030,1904.02,1,9294,1.07815e+07,-1,-1,-1,0
6640,103253,2254.3,1,9308,1.23669e+07,-1,-1,-1,0
6650,103684,1983.21,1,9323,1.13452e+07,-1,-1,-1,0
6660,103861,2175.69,1,9334,1.25084e+07,-1,-1,-1,0
6670,103921,2111.51,1,9350,1.21119e+07,-1,-1,-1,0
6680,103849,2717.23,1,9363,1.50789e+07,-1,-1,-1,0
6690,103691,2338.52,1,9378,1.34912e+07,-1,-1,-1,0
6700,103985,2231.67,1,9390,1.24225e+07,-1,-1,-1,0
6710,104394,2582.54,1,9405,1.39286e+07,-1,-1,-1,0
6720,104671,2343.53,1,9415,1.35186e+07,-1,-1,-1,0
6730,104974,1986.02,1,9428,1.16867e+07,-1,-1,-1,0
6740,105357,2339.44,1,9441,1.29122e+07,-1,-1,-1,0
6750,105570,2481.02,1,9452,1.36981e+07,-1,-1,-1,0
6760,105805,2351,1,9466,1.34616e+07,-1,-1,-1,0
6770,105871,2563.05,1,9478,1.44367e+07,-1,-1,-1,0
6780,106250,2654.12,1,9493,1.41744e+07,-1,-1,-1,0
6790,105331,2416.45,1,9506,1.37065e+07,-1,-1,-1,0
6800,105439,2891.33,1,9517,1.55133e+07,-1,-1,-1,0
6810,105345,2634.91,1,9530,1.54064e+07,-1,-1,-1,0
6820,105737,2636.83,1,9548,1.54329e+07,-1,-1,-1,0
6830,105855,2895.35,1,9563,1.60936e+07,-1,-1,-1,0
6840,105945,2286.08,1,9576,1.39261e+07,-1,-1,-1,0
6850,106336,1798.87,1,9587,1.09144e+07,-1,-1,-1,0
6860,106477,2599.66,1,9605,1.52101e+07,-1,-1,-1,0
6870,106669,2605.24,1,9620,1.5282e+07,-1,-1,-1,0
6880,107054,2845.33,1,9635,1.59852e+07,-1,-1,-1,0
6890,107274,2634.67,1,9645,1.51182e+07,-1,-1,-1,0
6900,107558,3082.8,1,9659,1.7292e+07,-1,-1,-1,0
6910,107801,2407.15,1,9677,1.38854e+07,-1,-1,-1,0
6920,108047,2705.13,1,9692,1.5347e+07,-1,-1,-1,0
6930,103616,2609,1,9704,1.57504e+07,-1,-1,-1,0
6940,103997,2236.49,1,9716,1.37271e+07,-1,-1,-1,0
6950,103953,1775.95,1,9729,1.1732e+07,-1,-1,-1,0
6960,104320,2033.48,1,9743,1.29369e+07,-1,-1,-1,0
6970,104602,2607.21,1,9756,1.53834e+07,-1,-1,-1,0
6980,104634,2012.8,1,9770,1.23669e+07,-1,-1,-1,0
6990,104897,2315.87,1,9782,1.42731e+07,-1,-1,-1,0
7000,105104,2067.49,1,9800,1.33372e+07,-1,-1,-1,0
7010,105451,2368.54,1,9817,1.41758e+07,-1,-1,-1,0
7020,105710,2184.26,1,9828,1.35195e+07,-1,-1,-1,0
7030,106107,2293.61,1,9841,1.36058e+07,-1,-1,-1,0
7040,106334,1740.68,1,9853,1.10506e+07,-1,-1,-1,0
7050,106726,2142.67,1,9869,1.32675e+07,-1,-1,-1,0
7060,106626,2139.32,1,9884,1.32275e+07,-1,-1,-1,0
7070,107048,2286.44,1,9901,1.44599e+07,-1,-1,-1,0
7080,107276,2407.08,1,9912,1.47255e+07,-1,-1,-1,0
7090,107475,2250.81,1,9924,1.47116e+07,-1,-1,-1,0
7100,107713,2613.61,1,9939,1.5564e+07,-1,-1,-1,0
7110,107450,1956.36,1,9954,1.27013e+07,-1,-1,-1,0
7120,107713,2234.3,1,9961,1.40852e+07,-1,-1,-1,0
7130,107811,2330.75,1,9974,1.4509e+07,-1,-1,-1,0
7140,108150,1870.86,1,9984,1.19847e+07,-1,-1,-1,0
7150,106622,1643.59,1,9999,1.03674e+07,-1,-1,-1,0
7160,106719,1975.45,1,10014,1.30486e+07,-1,-1,-1,0
7170,104833,2116.3,1,10029,1.36739e+07,-1,-1,-1,0
7180,105197,2336.09,1,10041,1.50221e+07,-1,-1,-1,0
7190,105460,1537.77,1,10055,9.84906e+06,-1,-1,-1,0
